6.291830104818428648e-43,0.000000000000000000e+00,4.563265313046528000e+15
-1.244056783616542816e-02,-1.368045900017023087e-02,9.611950069665908813e-02
-7.413528859615325928e-03,3.000161796808242798e-02,-6.889531761407852173e-02
1.752725243568420410e-02,4.343055188655853271e-02,-7.773035764694213867e-02
5.772091448307037354e-03,3.441730886697769165e-02,-6.558202207088470459e-02
7.223637774586677551e-03,3.185017034411430359e-02,-5.629481002688407898e-02
4.172610118985176086e-03,2.738569118082523346e-02,-4.182745143771171570e-02
-4.872736521065235138e-03,2.200355008244514465e-02,-6.339500099420547485e-02
-6.700980477035045624e-03,9.832526557147502899e-03,-2.042944356799125671e-02
-7.175608538091182709e-03,6.721420213580131531e-04,2.202234603464603424e-02
-9.371679043397307396e-04,4.980666562914848328e-03,1.758179254829883575e-02
-4.740757867693901062e-04,1.489087194204330444e-02,-1.018679700791835785e-02
1.116389408707618713e-03,2.506623417139053345e-02,-4.682491347193717957e-02
-1.418592873960733414e-02,2.549703419208526611e-02,-7.329022884368896484e-02
-8.477964438498020172e-03,2.499887347221374512e-02,-6.974054872989654541e-02
-1.158796623349189758e-02,3.084348514676094055e-02,-8.537805080413818359e-02
5.494289100170135498e-03,2.834272757172584534e-02,-4.268392920494079590e-02
-1.081033609807491302e-03,2.465607225894927979e-02,-3.957375884056091309e-02
5.612216889858245850e-03,2.728798612952232361e-02,-2.963729575276374817e-02
-2.352895215153694153e-03,1.793638616800308228e-02,-1.076985057443380356e-02
-6.699475459754467010e-03,2.370448037981987000e-02,-3.477563709020614624e-02
-6.863866001367568970e-03,2.713671512901782990e-02,-4.513802379369735718e-02
-1.838087104260921478e-03,2.604679018259048462e-02,-3.018016181886196136e-02
-2.623254060745239258e-02,3.170799836516380310e-02,-1.064193919301033020e-01
-8.530154824256896973e-03,3.176784142851829529e-02,-6.541423499584197998e-02
-3.008067235350608826e-02,3.789798170328140259e-02,-1.403322964906692505e-01
-4.638278856873512268e-03,3.036074340343475342e-02,-5.014662817120552063e-02
-9.981333278119564056e-03,2.520080283284187317e-02,-4.475475102663040161e-02
9.313654154539108276e-04,2.603555098176002502e-02,-2.773559838533401489e-02
1.962384209036827087e-03,2.499937266111373901e-02,-2.307946421205997467e-02
-1.364761497825384140e-02,2.679549530148506165e-02,-6.411145627498626709e-02
-7.959763519465923309e-03,2.807644754648208618e-02,-6.158024817705154419e-02
5.682167597115039825e-03,2.714845538139343262e-02,-3.119853697717189789e-02
-1.187224220484495163e-02,2.343351021409034729e-02,-6.702747941017150879e-02
-4.206818528473377228e-03,2.229956537485122681e-02,-3.408737108111381531e-02
-9.208042174577713013e-04,2.664293535053730011e-02,-4.401300475001335144e-02
8.343309164047241211e-04,1.994924806058406830e-02,-2.464702725410461426e-02
-4.930186085402965546e-03,2.039892971515655518e-02,-4.609927907586097717e-02
2.482217736542224884e-03,1.819191128015518188e-02,-2.309523150324821472e-02
-8.834399282932281494e-03,1.638415828347206116e-02,-4.149015620350837708e-02
-5.538379773497581482e-04,1.851607114076614380e-02,-3.068545833230018616e-02
8.647530339658260345e-04,1.364286988973617554e-02,-1.369222812354564667e-02
-6.888271309435367584e-03,1.851815730333328247e-02,-4.722521826624870300e-02
7.022675126791000366e-04,1.833007298409938812e-02,-2.525706961750984192e-02
-1.677582040429115295e-04,1.536571327596902847e-02,-1.643100008368492126e-02
-2.671134658157825470e-03,1.608904637396335602e-02,-2.228085324168205261e-02
2.019472420215606689e-03,1.714811846613883972e-02,-1.003795117139816284e-02
-2.038070186972618103e-02,2.219118550419807434e-02,-8.379290997982025146e-02
1.066311262547969818e-03,2.281103096902370453e-02,-2.931384555995464325e-02
-7.566093932837247849e-03,1.611340418457984924e-02,-1.992932334542274475e-02
-4.952503368258476257e-03,2.762658521533012390e-02,-5.923946574330329895e-02
-1.609527319669723511e-02,2.807892113924026489e-02,-9.082543849945068359e-02
-1.178479101508855820e-02,3.063609823584556580e-02,-7.249402999877929688e-02
-3.430420532822608948e-03,2.706626057624816895e-02,-4.175921902060508728e-02
-1.927724108099937439e-03,2.688238397240638733e-02,-4.443071037530899048e-02
-2.729035913944244385e-03,3.152214735746383667e-02,-5.102961137890815735e-02
2.929646521806716919e-03,3.760789707303047180e-02,-6.739754974842071533e-02
-8.327934890985488892e-03,2.519553154706954956e-02,-4.464458674192428589e-02
-7.483057677745819092e-03,3.095028176903724670e-02,-6.118191033601760864e-02
-9.535698220133781433e-03,3.198691457509994507e-02,-6.984128803014755249e-02
-3.849590197205543518e-03,2.790313959121704102e-02,-5.029999464750289917e-02
-1.839833147823810577e-02,3.021297603845596313e-02,-9.006588160991668701e-02
-1.972630620002746582e-03,2.783549018204212189e-02,-4.407930374145507812e-02
-5.526099354028701782e-03,3.099522739648818970e-02,-6.968459486961364746e-02
6.999444216489791870e-03,2.865419723093509674e-02,-1.535044144839048386e-02
-6.731085479259490967e-03,2.584290131926536560e-02,-5.615803599357604980e-02
-3.038560971617698669e-04,2.347452193498611450e-02,-3.686407953500747681e-02
-1.375484187155961990e-02,2.731694839894771576e-02,-7.508186250925064087e-02
-5.169040523469448090e-03,1.932940259575843811e-02,-3.774562850594520569e-02
-5.396375432610511780e-03,2.185973338782787323e-02,-5.022419616580009460e-02
-1.847816631197929382e-03,1.944143883883953094e-02,-2.871690504252910614e-02
-6.744062528014183044e-03,1.587111689150333405e-02,-3.132156655192375183e-02
-3.576139919459819794e-03,1.660940051078796387e-02,-3.321897238492965698e-02
-9.574403055012226105e-03,1.607952080667018890e-02,-4.478847235441207886e-02
-1.445395755581557751e-03,1.528432220220565796e-02,-2.319076843559741974e-02
-1.226065680384635925e-03,1.798133738338947296e-02,-3.033965453505516052e-02
-4.576891369652003050e-04,1.791542582213878632e-02,-2.989912405610084534e-02
1.804414205253124237e-03,1.793931052088737488e-02,-2.490779943764209747e-02
1.106760464608669281e-02,2.066111937165260315e-02,-1.500517316162586212e-02
8.950202725827693939e-03,2.120409160852432251e-02,-1.649981923401355743e-02
3.279265947639942169e-03,1.976290717720985413e-02,-2.177827432751655579e-02
-3.789252601563930511e-03,2.208603732287883759e-02,-3.628543764352798462e-02
-1.640606299042701721e-02,2.452829480171203613e-02,-6.716585159301757812e-02
-1.172400452196598053e-02,2.269466780126094818e-02,-5.914444103837013245e-02
-5.774595774710178375e-03,2.368306741118431091e-02,-5.031415075063705444e-02
-9.601451456546783447e-04,2.567943185567855835e-02,-3.609713912010192871e-02
-5.166336894035339355e-03,3.274314478039741516e-02,-6.592284142971038818e-02
-9.277649223804473877e-05,2.623655274510383606e-02,-2.918793633580207825e-02
5.705570802092552185e-03,2.403181046247482300e-02,-1.531366351991891861e-02
-1.604892127215862274e-02,2.796397358179092407e-02,-6.543018668889999390e-02
9.887564927339553833e-03,3.024941869080066681e-02,-2.630298957228660583e-02
-4.109377041459083557e-03,2.616158127784729004e-02,-3.937082737684249878e-02
-3.651417791843414307e-04,3.081447258591651917e-02,-4.695629328489303589e-02
-3.413064405322074890e-03,3.417124599218368530e-02,-5.955811589956283569e-02
-1.229200512170791626e-03,2.571460418403148651e-02,-3.953885659575462341e-02
-1.333747059106826782e-04,3.870559483766555786e-02,-7.964603602886199951e-02
3.284486941993236542e-03,2.319954708218574524e-02,-1.709929481148719788e-02
-3.027361162821762264e-05,3.526595979928970337e-02,-7.293476164340972900e-02
-1.552731730043888092e-03,2.582661993801593781e-02,-3.858010098338127136e-02
-8.321329019963741302e-03,2.607808634638786316e-02,-5.716060101985931396e-02
1.003303192555904388e-02,2.714836969971656799e-02,-3.234751150012016296e-02
-1.192846242338418961e-02,2.290838025510311127e-02,-6.555641442537307739e-02
5.365103483200073242e-03,2.394304051995277405e-02,-2.878609299659729004e-02
-3.269460983574390411e-03,1.802508533000946045e-02,-3.093375265598297119e-02
-8.611203171312808990e-03,1.905286498367786407e-02,-4.631195217370986938e-02
-3.784227184951305389e-03,1.923126354813575745e-02,-3.982474282383918762e-02
6.560911424458026886e-04,1.373628340661525726e-02,-1.023051794618368149e-02
-8.194316178560256958e-03,1.387933362275362015e-02,-2.868134528398513794e-02
-1.612032763659954071e-03,1.563296280801296234e-02,-2.492045424878597260e-02
-4.584738053381443024e-03,1.949267648160457611e-02,-4.163016751408576965e-02
-8.314888924360275269e-03,1.914075948297977448e-02,-5.182714760303497314e-02
-2.312432974576950073e-03,2.036051638424396515e-02,-4.124762862920761108e-02
-8.267618715763092041e-03,2.082180231809616089e-02,-4.740568622946739197e-02
-6.062406115233898163e-03,2.135805413126945496e-02,-4.269666969776153564e-02
-2.021235413849353790e-03,2.356506139039993286e-02,-4.348797351121902466e-02
-2.179536968469619751e-03,1.968420296907424927e-02,-2.695752866566181183e-02
-6.298337131738662720e-03,2.033155784010887146e-02,-3.744084760546684265e-02
-3.595953807234764099e-03,2.334353141486644745e-02,-3.579188883304595947e-02
-1.186584308743476868e-02,2.123690396547317505e-02,-4.162982478737831116e-02
-1.091876812279224396e-02,2.885377407073974609e-02,-6.935791671276092529e-02
1.735882833600044250e-03,2.552172914147377014e-02,-1.541076507419347763e-02
-1.073600724339485168e-02,3.302549570798873901e-02,-8.415830135345458984e-02
-1.286966912448406219e-02,3.269341215491294861e-02,-7.927859574556350708e-02
-8.539041504263877869e-03,2.254693768918514252e-02,-3.635666146874427795e-02
-6.853686645627021790e-03,3.241395205259323120e-02,-6.210457906126976013e-02
-1.753513701260089874e-02,3.472141176462173462e-02,-1.036589369177818298e-01
-9.513951838016510010e-03,2.803323790431022644e-02,-6.107470765709877014e-02
-2.446851879358291626e-02,2.650126442313194275e-02,-8.664283901453018188e-02
5.405410192906856537e-03,2.545591443777084351e-02,-1.910645514726638794e-02
1.925986143760383129e-03,3.866616636514663696e-02,-8.208589255809783936e-02
4.030527547001838684e-03,2.629069983959197998e-02,-2.803221531212329865e-02
1.848424226045608521e-02,3.763404861092567444e-02,-3.503119200468063354e-02
8.590897778049111366e-05,2.546514570713043213e-02,-4.278797283768653870e-02
-1.055044587701559067e-02,2.819219604134559631e-02,-7.187608629465103149e-02
-5.556204356253147125e-03,2.463760413229465485e-02,-5.153017863631248474e-02
-7.899864576756954193e-03,2.137555740773677826e-02,-5.146441608667373657e-02
5.254602059721946716e-03,2.489073574542999268e-02,-4.180924594402313232e-02
2.168555743992328644e-03,2.017256245017051697e-02,-2.077522315084934235e-02
-8.167222142219543457e-03,1.539367996156215668e-02,-3.407638147473335266e-02
9.023277088999748230e-04,1.882432028651237488e-02,-3.246112167835235596e-02
2.465285360813140869e-03,1.474124751985073090e-02,-1.209565810859203339e-02
-3.367316909134387970e-03,1.813250966370105743e-02,-3.375448286533355713e-02
4.861950408667325974e-03,1.392375119030475616e-02,-7.833804702386260033e-04
-2.233053557574748993e-03,1.447516679763793945e-02,-2.615139633417129517e-02
-1.382938586175441742e-03,1.552833244204521179e-02,-2.778528071939945221e-02
4.623569548130035400e-03,2.120047248899936676e-02,-2.413983456790447235e-02
-4.968089051544666290e-03,2.133088558912277222e-02,-4.221124947071075439e-02
-4.812415689229965210e-03,1.837200671434402466e-02,-2.840924076735973358e-02
6.903661414980888367e-04,2.073029056191444397e-02,-2.625333331525325775e-02
-9.989682585000991821e-03,2.295709028840065002e-02,-5.824118852615356445e-02
-4.855896986555308104e-04,2.807330712676048279e-02,-5.011622980237007141e-02
3.077704459428787231e-04,2.802929654717445374e-02,-4.038710147142410278e-02
-2.028234302997589111e-02,3.126845508813858032e-02,-9.186121076345443726e-02
-7.565473206341266632e-03,2.701492980122566223e-02,-5.406337603926658630e-02
-6.263283081352710724e-03,2.840491198003292084e-02,-5.411472916603088379e-02
-2.590060606598854065e-02,3.325454145669937134e-02,-1.131465509533882141e-01
-5.717621184885501862e-03,2.718757838010787964e-02,-5.168467760086059570e-02
1.620059646666049957e-02,2.775258198380470276e-02,1.031220983713865280e-02
2.972038462758064270e-03,3.311459720134735107e-02,-4.659640789031982422e-02
-1.448051631450653076e-02,2.781131863594055176e-02,-7.988832145929336548e-02
-5.662625655531883240e-03,2.486295253038406372e-02,-4.885361716151237488e-02
-1.325194537639617920e-02,3.172131627798080444e-02,-7.398712635040283203e-02
5.671175196766853333e-03,3.067934513092041016e-02,-3.097130358219146729e-02
-1.222217455506324768e-02,3.686123713850975037e-02,-1.008097603917121887e-01
-8.759003132581710815e-03,2.147851511836051941e-02,-4.039806500077247620e-02
5.543105304241180420e-03,3.117876872420310974e-02,-4.936751350760459900e-02
-2.136593684554100037e-03,2.488506585359573364e-02,-4.137313365936279297e-02
-2.412513829767704010e-03,2.393535897135734558e-02,-3.876004740595817566e-02
1.215069554746150970e-03,1.854987256228923798e-02,-1.997827924787998199e-02
-1.948220655322074890e-02,2.179093658924102783e-02,-7.896621525287628174e-02
-2.673314884305000305e-04,2.124177478253841400e-02,-3.898053616285324097e-02
-2.904315479099750519e-03,1.765001751482486725e-02,-3.427924215793609619e-02
-7.173875346779823303e-04,1.526963710784912109e-02,-2.019540220499038696e-02
-7.674377411603927612e-03,2.224858477711677551e-02,-6.358106434345245361e-02
-2.680774312466382980e-03,1.436996273696422577e-02,-2.026825584471225739e-02
-2.476418390870094299e-03,1.590416766703128815e-02,-3.081044740974903107e-02
2.449637278914451599e-03,1.692320220172405243e-02,-1.980090141296386719e-02
-1.254882663488388062e-03,2.443665638566017151e-02,-6.012982875108718872e-02
-6.473457440733909607e-03,2.245658263564109802e-02,-6.055383011698722839e-02
1.262910664081573486e-04,1.904954575002193451e-02,-2.372623048722743988e-02
-1.080557052046060562e-02,2.166439220309257507e-02,-5.903817713260650635e-02
-2.124109305441379547e-03,2.082124724984169006e-02,-2.963859215378761292e-02
-9.694946929812431335e-03,2.653109095990657806e-02,-6.608065962791442871e-02
-7.770821452140808105e-03,2.287318930029869080e-02,-3.737814724445343018e-02
-1.204911433160305023e-02,2.903585135936737061e-02,-7.809109985828399658e-02
-7.479152642190456390e-03,2.562981471419334412e-02,-4.282357171177864075e-02
-4.051477648317813873e-03,2.409442886710166931e-02,-3.549695014953613281e-02
-1.844609528779983521e-02,2.758993767201900482e-02,-7.565983384847640991e-02
4.446243867278099060e-03,2.838264219462871552e-02,-3.029855154454708099e-02
-8.113037794828414917e-03,3.401380032300949097e-02,-7.869830727577209473e-02
-7.969392463564872742e-03,4.639630392193794250e-02,-1.108308136463165283e-01
-3.460217267274856567e-03,2.945545315742492676e-02,-3.571463748812675476e-02
-3.860216587781906128e-03,3.024641610682010651e-02,-4.763607308268547058e-02
-7.727231830358505249e-03,3.086739033460617065e-02,-6.775295734405517578e-02
-5.922408774495124817e-03,2.869685366749763489e-02,-6.449493765830993652e-02
5.417352542281150818e-03,3.537845239043235779e-02,-5.278587713837623596e-02
-9.814389050006866455e-04,2.988160587847232819e-02,-4.487395659089088440e-02
-2.461816184222698212e-03,2.645658142864704132e-02,-4.001472145318984985e-02
-6.309580057859420776e-04,2.718941494822502136e-02,-4.314449429512023926e-02
-1.364583149552345276e-03,2.964932098984718323e-02,-6.158757582306861877e-02
1.171639282256364822e-02,2.795369178056716919e-02,-2.286496385931968689e-02
-9.833723306655883789e-04,2.445062436163425446e-02,-4.017006978392601013e-02
-1.406908687204122543e-02,2.131947688758373260e-02,-6.760485470294952393e-02
-2.864897251129150391e-03,1.799563504755496979e-02,-2.301984094083309174e-02
1.704217866063117981e-03,2.503584697842597961e-02,-4.897400736808776855e-02
-9.531171992421150208e-03,1.970378123223781586e-02,-5.310696363449096680e-02
-3.672015853226184845e-03,2.017223834991455078e-02,-4.501809924840927124e-02
-4.602190107107162476e-03,1.603439263999462128e-02,-3.678355365991592407e-02
-6.073880940675735474e-04,1.441519986838102341e-02,-1.660555414855480194e-02
-2.391855232417583466e-04,1.351194735616445541e-02,-9.375823661684989929e-03
6.060293409973382950e-03,1.666013523936271667e-02,-9.272347204387187958e-03
1.051127910614013672e-03,1.599602960050106049e-02,-1.608503237366676331e-02
-1.622065901756286621e-04,2.075744420289993286e-02,-3.147831186652183533e-02
-2.664810046553611755e-03,2.292073518037796021e-02,-5.556505918502807617e-02
-8.422289043664932251e-03,2.571239136159420013e-02,-7.766951620578765869e-02
-1.213394664227962494e-02,1.722202077507972717e-02,-3.721449524164199829e-02
4.355702549219131470e-04,2.204674296081066132e-02,-1.625091023743152618e-02
-9.296908974647521973e-03,2.934504672884941101e-02,-6.549181789159774780e-02
-8.528381586074829102e-03,2.332499809563159943e-02,-5.151429399847984314e-02
3.644555807113647461e-03,3.288069739937782288e-02,-4.194110259413719177e-02
2.281084656715393066e-03,3.311870992183685303e-02,-5.926110595464706421e-02
-1.724157482385635376e-03,2.280978113412857056e-02,-2.618969231843948364e-02
-2.297846600413322449e-02,3.462742269039154053e-02,-1.094673424959182739e-01
-1.928841136395931244e-02,3.343108296394348145e-02,-1.092087253928184509e-01
-5.220621824264526367e-03,2.505125477910041809e-02,-3.819310665130615234e-02
4.972890601493418217e-04,2.670476213097572327e-02,-3.373653069138526917e-02
-6.291368044912815094e-03,2.657401934266090393e-02,-4.273816198110580444e-02
7.021923549473285675e-03,2.749733254313468933e-02,-2.251051366329193115e-02
-1.149879768490791321e-02,3.125230967998504639e-02,-7.820452749729156494e-02
1.052351295948028564e-02,2.820482105016708374e-02,-2.085484191775321960e-02
-4.845989868044853210e-03,2.850622497498989105e-02,-5.452299490571022034e-02
1.085605472326278687e-03,3.001087903976440430e-02,-4.607275873422622681e-02
-9.784440509974956512e-03,2.246986888349056244e-02,-5.472991988062858582e-02
-7.977544330060482025e-03,2.373718097805976868e-02,-4.797829687595367432e-02
-1.763321459293365479e-02,2.508019469678401947e-02,-8.495412766933441162e-02
4.660069942474365234e-03,2.072373777627944946e-02,-1.982225105166435242e-02
-1.061665639281272888e-02,2.036364190280437469e-02,-5.707583576440811157e-02
-6.785512901842594147e-03,1.911018788814544678e-02,-4.240018874406814575e-02
2.232774160802364349e-03,1.583501137793064117e-02,-1.446886919438838959e-02
-2.695792354643344879e-03,1.518004387617111206e-02,-3.297425433993339539e-02
-9.163859300315380096e-03,1.998969539999961853e-02,-5.900780856609344482e-02
-2.606987021863460541e-03,1.962490007281303406e-02,-4.030422493815422058e-02
-2.980865538120269775e-04,1.692723855376243591e-02,-2.533583715558052063e-02
1.371593214571475983e-03,1.445956528186798096e-02,-1.208059117197990417e-02
-1.960339024662971497e-03,1.373349875211715698e-02,-1.562988571822643280e-02
-9.438637644052505493e-04,1.743099652230739594e-02,-2.621561847627162933e-02
2.546392381191253662e-03,1.552333217114210129e-02,-9.930157102644443512e-03
5.098016932606697083e-03,2.383572235703468323e-02,-3.016564622521400452e-02
6.365459412336349487e-04,2.150610834360122681e-02,-2.363676205277442932e-02
